name,institution,country,url
A. Rupam Mahmood,University of Alberta,Canada,https://armahmood.github.io/
Abhinav Valada,University of Freiburg,Germany,https://rl.uni-freiburg.de/people/valada
Andrew Saxe,"Gatsby Unit & Sainsbury Wellcome Centre, UCL",United Kingdom,https://www.saxelab.org/join
Angus Chadwick,University of Edinburgh (ANC),United Kingdom,https://homepages.inf.ed.ac.uk/achadwic/
Anima Anandkumar,Caltech (CMS),United States,https://tensorlab.cms.caltech.edu/users/anima/contact.html
Anirudha Majumdar,Princeton (MAE),United States,https://irom-lab.princeton.edu/join/
Anna Schapiro,University of Pennsylvania,United States,https://psychology.sas.upenn.edu/people/anna-schapiro
Antoine Cully,Imperial College London (AIRL),United Kingdom,https://www.imperial.ac.uk/adaptive-intelligent-robotics/join-us/phd-applications/
Aran Nayebi,Carnegie Mellon University,United States,https://anayebi.github.io/contact/
Ashok Litwin-Kumar,Columbia University (Zuckerman),United States,https://zuckermaninstitute.columbia.edu/ashok-litwin-kumar-phd
Barbara Webb,University of Edinburgh (IPAB),United Kingdom,https://homepages.inf.ed.ac.uk/bwebb/
Bence Olveczky,Harvard (OEB),United States,https://olveczkylab.oeb.harvard.edu/
Benjamin Eysenbach,Princeton University,United States,https://ben-eysenbach.github.io/
Blake Richards,McGill University / Mila,Canada,https://linclab.mila.quebec/opportunities
Bruno Olshausen,UC Berkeley (Redwood),United States,https://redwood.berkeley.edu/people/bruno-olshausen/
Caswell Barry,UCL,United Kingdom,https://barry-lab.com/
Cecilia Laschi,NUS,Singapore,https://www.softroboticslab.info/prof-cecilia-laschi
Cengiz Pehlevan,Harvard (SEAS),United States,https://pehlevan.seas.harvard.edu/
Chelsea Finn,Stanford,United States,https://irislab.stanford.edu/contact.html
Christopher Kanan,University of Rochester,United States,https://chriskanan.com/
Christopher Summerfield,University of Oxford,United Kingdom,https://humaninformationprocessing.com/
Claudia Clopath,Imperial College London,United Kingdom,https://cclopath.bg-research.cc.ic.ac.uk/hiring/
Cristina Savin,New York University,United States,https://csavin.wixsite.com/savinlab
Dan Goodman,Imperial College London,United Kingdom,
Daniel Levenstein,Yale University,United States,https://www.levensteinlab.org/people
Daniel Yamins,Stanford University,United States,https://profiles.stanford.edu/daniel-yamins
Danyal Akarca,Imperial College London,United Kingdom,
David Hsu,NUS,Singapore,https://www.comp.nus.edu.sg/~dyhsu/
Deepak Pathak,Carnegie Mellon University,United States,https://www.cs.cmu.edu/~dpathak/
Doina Precup,McGill / Mila,Canada,
Edward Johns,Imperial College London,United Kingdom,https://www.robot-learning.uk/phd-applications
Eilif B. Muller,Universite de Montreal / Mila,Canada,https://mila.quebec/en/directory/eilif-b-muller
Emre Neftci,Forschungszentrum Juelich / RWTH Aachen,Germany,https://www.fz-juelich.de/profile/neftci_e
Florian Shkurti,University of Toronto,Canada,https://www.cs.toronto.edu/~florian/
Friedemann Zenke,Friedrich Miescher Institute (FMI) / University of Basel,Switzerland,https://zenkelab.org/jobs/
Fumiya Iida,University of Cambridge (BIRL),United Kingdom,https://mi.eng.cam.ac.uk/Main/FI224
Gido M. van de Ven,University of Groningen,Netherlands,https://gmvandeven.github.io/
Glen Berseth,Universite de Montreal / Mila,Canada,https://neo-x.github.io/
Guillaume Bellec,TU Wien,Austria,https://guillaume.bellec.eu/
Guillaume Hennequin,University of Cambridge (CBL),United Kingdom,https://cbl.eng.cam.ac.uk/hennequin/
Guillaume Lajoie,Universite de Montreal / Mila,Canada,https://mila.quebec/en/directory/guillaume-lajoie
Helen Barron,University of Oxford (MRC BNDU),United Kingdom,
Hod Lipson,Columbia (Engineering),United States,https://www.creativemachineslab.com/
Ila Fiete,MIT,United States,https://fietelab.mit.edu/
Ingmar Posner,University of Oxford (A2I/ORI),United Kingdom,https://ori.ox.ac.uk/people/ingmar-posner/
Jaehong Yoon,Nanyang Technological University,Singapore,https://jaehong31.github.io/
Jeffrey Krichmar,UC Irvine,United States,https://www.faculty.uci.edu/profile/?facultyId=5549
Jiafei Duan,NUS,Singapore,https://jiafei1224.github.io/
Jianfei Yang,NTU Singapore (MARS Lab),Singapore,https://www.ntu.edu.sg/rrc/robotics-research-centre-groups/mars-lab
Katerina Fragkiadaki,Carnegie Mellon,United States,https://www.cs.cmu.edu/~katef/
Ken Norman,Princeton (PNI),United States,https://compmem.princeton.edu/
Kimberly Stachenfeld,Google DeepMind / Columbia,United States,https://neurokim.com/
Lea Duncker,Columbia University (Zuckerman),United States,https://zuckermaninstitute.columbia.edu/lea-duncker-phd
Marcelo Mattar,New York University,United States,https://www.mattarlab.com/join-us
Marcus Benna,UC San Diego,United States,https://profiles.ucsd.edu/marcus.benna
Marlos C. Machado,University of Alberta,Canada,https://webdocs.cs.ualberta.ca/~machado/
Mate Lengyel,University of Cambridge,United Kingdom,https://www.eng.cam.ac.uk/profiles/ml468
Matt Thomson,Caltech,United States,https://www.thomsonlab.caltech.edu/
Matthias Hennig,University of Edinburgh (ANC),United Kingdom,
Max Simchowitz,Carnegie Mellon (MLD),United States,https://msimchowitz.github.io/
Maxim Bazhenov,UC San Diego,United States,https://profiles.ucsd.edu/maksim.bazhenov
Mengmi Zhang,Nanyang Technological University,Singapore,https://a0091624.wixsite.com/deepneurocognition-1/join-us
Mengye Ren,New York University (Courant),United States,https://mengyeren.com/
Mike Zheng Shou,NUS,Singapore,https://www.comp.nus.edu.sg/cs/people/mikeshou/
Neil Burgess,UCL Institute of Cognitive Neuroscience,United Kingdom,https://www.ucl.ac.uk/brain-sciences/icn/research/research-groups/space-memory
Nicholas Rhinehart,University of Toronto (UTIAS),Canada,https://leaf.utias.utoronto.ca/apply/
Nidhi Seethapathi,MIT,United States,https://www.seethapathilab.org/people-and-openings
Peter Latham,UCL Gatsby,United Kingdom,https://www.gatsby.ucl.ac.uk/~pel/
Pouya Bashivan,McGill / Mila,Canada,https://bashivanlab.org
Pulkit Agrawal,MIT,United States,https://people.csail.mit.edu/pulkitag/
Rafal Bogacz,University of Oxford,United Kingdom,https://www.ndcn.ox.ac.uk/team/rafal-bogacz
Richard S. Sutton,University of Alberta,Canada,
Richard Zemel,Columbia University,United States,https://www.cs.columbia.edu/~zemel/
Rui Ponte Costa,University of Oxford,United Kingdom,https://neuralml.github.io/joinus
Samuel Gershman,Harvard University,United States,https://gershmanlab.com/people/sam.html
Sarath Chandar,Polytechnique Montreal / Mila,Canada,https://chandar-lab.github.io/join/
Sergey Levine,UC Berkeley,United States,https://people.eecs.berkeley.edu/~svlevine/
Sethu Vijayakumar,University of Edinburgh (IPAB),United Kingdom,
Shuran Song,Stanford University,United States,https://shurans.github.io/
Stefano Fusi,Columbia (CTN),United States,
Tim Behrens,"Sainsbury Wellcome Centre, UCL",United Kingdom,https://www.sainsburywellcome.org/web/groups/behrens-lab
Tim Vogels,ISTA,Austria,https://ista.ac.at/en/research/vogels-group/
Timothy O'Leary,University of Cambridge (CBL),United Kingdom,https://cbl.eng.cam.ac.uk/people/tso24/
Y. Helena Liu,University of Toronto,Canada,https://helena-yuhan-liu.github.io/
Yael Niv,Princeton (PNI),United States,https://nivlab.princeton.edu/
Yiannis Demiris,Imperial College London,United Kingdom,https://www.imperial.ac.uk/personal-robotics/
Yilun Du,Harvard University,United States,https://yilundu.github.io/
Yoonchang Sung,NTU Singapore,Singapore,https://yoonchangsung.com/
Yunzhu Li,Columbia University,United States,https://yunzhuli.github.io/
